workload,variant,structure,n,time_ms,steps,moves,comparisons
W1,-,DynamicArray,100,0.020,10000,0,0
W2,-,DynamicArray,100,0.086,75534,0,75534
W3,head,DynamicArray,100,0.174,1201920,1201920,0
W3,middle,DynamicArray,100,0.155,1101920,1101920,0
W1,-,MyLinkedList,100,0.572,511508,0,0
W2,-,MyLinkedList,100,0.205,75534,0,75534
W3,head,MyLinkedList,100,0.028,0,2000,0
W3,middle,MyLinkedList,100,0.159,100000,3000,0
W4,-,MinHeap,100,0.004,3474,1370,1052
W1,-,DynamicArray,1000,0.020,10000,0,0
W2,-,DynamicArray,1000,0.533,750510,0,750510
W3,head,DynamicArray,1000,0.198,3001024,3001024,0
W3,middle,DynamicArray,1000,0.149,2001024,2001024,0
W1,-,MyLinkedList,1000,7.055,5015208,0,0
W2,-,MyLinkedList,1000,1.592,750510,0,750510
W3,head,MyLinkedList,1000,0.017,0,2000,0
W3,middle,MyLinkedList,1000,1.407,1000000,3000,0
W4,-,MinHeap,1000,0.087,54588,20166,17211
W1,-,DynamicArray,10000,0.020,10000,0,0
W2,-,DynamicArray,10000,5.206,7397920,0,7397920
W3,head,DynamicArray,10000,1.401,21000000,21000000,0
W3,middle,DynamicArray,10000,0.544,11000000,11000000,0
W1,-,MyLinkedList,10000,76.422,50139208,0,0
W2,-,MyLinkedList,10000,15.692,7397920,0,7397920
W3,head,MyLinkedList,10000,0.017,0,2000,0
W3,middle,MyLinkedList,10000,15.161,10000000,3000,0
W4,-,MinHeap,10000,1.076,753212,274966,239123
W1,-,DynamicArray,100000,0.028,10000,0,0
W2,-,DynamicArray,100000,52.094,73197644,0,73197644
W3,head,DynamicArray,100000,19.877,201000000,201000000,0
W3,middle,DynamicArray,100000,8.034,101000000,101000000,0
W1,-,MyLinkedList,100000,832.302,502499208,0,0
W2,-,MyLinkedList,100000,175.103,73197644,0,73197644
W3,head,MyLinkedList,100000,0.014,0,2000,0
W3,middle,MyLinkedList,100000,162.620,100000000,3000,0
W4,-,MinHeap,100000,13.598,9506724,3388058,3059333
